venta_id,cliente_id,producto_id,fecha_venta,cantidad,precio_unitario,descuento,total,canal
1,2893,1812,2025-08-04,2,abc,0.2,1563.57,web
2,1187,1563,2025-09-03,3,1083.68,0.0,3251.04,app
3,1053,1184,2025-11-02,2,134.73,0.0,269.46,web
4,86,1822,2024-03-29,2,460.57,0.1,829.03,web
5,9774,1822,2022-10-11,1,460.57,0.0,460.57,web
6,6472,708,2023-10-04,3,63.96,0.05,182.29,app
7,3167,1606,2024-11-30,2,344.22,0.0,688.44,web
8,5727,1670,2025-02-10,5,72.89,0.0,364.45,web
9,6115,687,2025-06-01,1,30.24,0.0,30.24,web
10,1805,1808,2025-08-10,1,65.54,0.0,65.54,web
11,2865,1297,2024-03-26,1,592.68,0.0,592.68,web
12,5423,1292,2025-06-15,2,1.54,0.0,3.08,app
13,8366,1,2022-06-14,1,110.92,0.0,110.92,app
14,1269,122,2025-10-06,3,308.66,0.0,925.98,web
15,8556,234,2024-01-19,3,118.15,0.0,354.45,web
16,6013,626,2025-05-11,3,236.61,0.1,638.85,web
17,4867,1287,2024-01-05,5,449.46,0.0,2247.3,web
18,1409,580,2025-03-31,1,226.97,0.0,226.97,tienda
19,5449,900,2025-02-13,3,57.08,0.0,171.24,tienda
20,3510,453,2024-02-14,4,171.26,0.0,685.04,tienda
21,1862,1432,2024-11-22,3,1030.95,0.0,3092.85,app
22,8778,1555,2025-08-21,1,18.76,0.0,18.76,app
23,4575,1767,2024-07-30,1,52.78,0.05,50.14,web
24,800,908,2024-07-09,3,186.37,0.2,447.29,web
25,2986,1210,2024-08-11,5,16.08,0.0,80.4,app
26,1787,1162,2023-07-10,1,51.79,0.2,41.43,web
27,9379,442,2024-09-06,2,58.03,0.0,116.06,app
28,2394,1367,2024-12-24,4,488.48,0.0,1953.92,web
29,5025,397,2022-12-15,2,34.9,0.05,66.31,web
30,7390,1028,2025-05-27,1,17.94,0.1,16.15,web
